<?xml version="1.0" encoding="UTF-8"?><module>
   <id>CMM_conference</id>
   <auto-deploy>true</auto-deploy>
   <configurations>
      
      <!-- Document Library config section -->
      <config condition="DocumentLibrary" evaluator="string-compare" replace="false">
         <aspects>
            <visible>
               <aspect label="conf:Status" name="conf:Status"/>
            </visible>
         </aspects>
         <types>
            <type name="cm:content">
               <subtype label="" name="conf:Presentation"/>
            </type>
         </types>
      </config>

      <!-- Form configuration section - type -->
      <config condition="conf:Presentation" evaluator="node-type">
         <forms>
            <form>
               <field-visibility>
                  <show id="cm:name"/>
                  <show force="true" id="cm:title"/>
                  <show force="true" id="cm:description"/>
                  <show for-mode="view" id="cm:creator"/>
                  <show for-mode="view" id="cm:created"/>
                  <show for-mode="view" id="cm:modifier"/>
                  <show for-mode="view" id="cm:modified"/>
                  <show for-mode="view" id="size"/>
                  <show id="mimetype"/>
                  <show force="true" id="cm:author"/>
                  <show for-mode="edit" force="true" id="cm:taggable"/>
                  <show id="cm:categories"/>
                  <show id="conf:Title"/>
                  <show id="conf:Duration"/>
                  <show id="conf:DateAndTime"/>
                  <show id="conf:Presenter"/>
               </field-visibility>
               <appearance>
                  <set appearance="whitespace" id="conf:Presentation_cmm_set0"/>
                  <field id="cm:title" set="conf:Presentation_cmm_set0">
                  </field>
                  <field id="cm:creator" set="conf:Presentation_cmm_set0">
                  </field>
                  <field id="cm:modifier" set="conf:Presentation_cmm_set0">
                  </field>
                  <field id="cm:created" set="conf:Presentation_cmm_set0">
                  </field>
                  <field id="cm:categories" set="conf:Presentation_cmm_set0">
                     <control>
                        <control-param name="compactMode">true</control-param>
                     </control>
                  </field>
                  <field id="conf:DateAndTime" set="conf:Presentation_cmm_set0">
                  </field>
                  <field id="cm:description" set="conf:Presentation_cmm_set0">
                  </field>
                  <field id="cm:taggable" set="conf:Presentation_cmm_set0">
                     <control>
                        <control-param name="createNewItemUri">/api/tag/workspace/SpacesStore</control-param>
                        <control-param name="createNewItemIcon">tag</control-param>
                        <control-param name="params">aspect=cm:taggable</control-param>
                        <control-param name="compactMode">true</control-param>
                     </control>
                  </field>
                  <field id="conf:Duration" set="conf:Presentation_cmm_set0">
                  </field>
                  <field id="size" set="conf:Presentation_cmm_set0">
                     <control template="/org/alfresco/components/form/controls/size.ftl">
                     </control>
                  </field>
                  <field id="cm:name" set="conf:Presentation_cmm_set0">
                  </field>
                  <field id="cm:author" set="conf:Presentation_cmm_set0">
                  </field>
                  <field id="conf:Title" set="conf:Presentation_cmm_set0">
                  </field>
                  <field id="conf:Presenter" set="conf:Presentation_cmm_set0">
                  </field>
                  <field id="mimetype" set="conf:Presentation_cmm_set0">
                     <control template="/org/alfresco/components/form/controls/mimetype.ftl">
                     </control>
                  </field>
                  <field id="cm:modified" set="conf:Presentation_cmm_set0">
                  </field>
               </appearance>
            </form>
            
            <!-- Document Library pop-up Edit Metadata form -->
            <form id="doclib-simple-metadata">
               <edit-form template="../documentlibrary/forms/doclib-simple-metadata.ftl"/>
               <field-visibility>
                  <show id="cm:name"/>
                  <show force="true" id="cm:title"/>
                  <show force="true" id="cm:description"/>
                  <show for-mode="view" id="cm:creator"/>
                  <show for-mode="view" id="cm:created"/>
                  <show for-mode="view" id="cm:modifier"/>
                  <show for-mode="view" id="cm:modified"/>
                  <show for-mode="view" id="size"/>
                  <show id="mimetype"/>
                  <show force="true" id="cm:author"/>
                  <show for-mode="edit" force="true" id="cm:taggable"/>
                  <show id="cm:categories"/>
                  <show id="conf:Title"/>
                  <show id="conf:Duration"/>
                  <show id="conf:DateAndTime"/>
                  <show id="conf:Presenter"/>
               </field-visibility>
               <appearance>
                  <set appearance="whitespace" id="conf:Presentation_cmm_set0"/>
                  <field id="cm:title" set="conf:Presentation_cmm_set0">
                  </field>
                  <field id="cm:creator" set="conf:Presentation_cmm_set0">
                  </field>
                  <field id="cm:modifier" set="conf:Presentation_cmm_set0">
                  </field>
                  <field id="cm:created" set="conf:Presentation_cmm_set0">
                  </field>
                  <field id="cm:categories" set="conf:Presentation_cmm_set0">
                     <control>
                        <control-param name="compactMode">true</control-param>
                     </control>
                  </field>
                  <field id="conf:DateAndTime" set="conf:Presentation_cmm_set0">
                  </field>
                  <field id="cm:description" set="conf:Presentation_cmm_set0">
                  </field>
                  <field id="cm:taggable" set="conf:Presentation_cmm_set0">
                     <control>
                        <control-param name="createNewItemUri">/api/tag/workspace/SpacesStore</control-param>
                        <control-param name="createNewItemIcon">tag</control-param>
                        <control-param name="params">aspect=cm:taggable</control-param>
                        <control-param name="compactMode">true</control-param>
                     </control>
                  </field>
                  <field id="conf:Duration" set="conf:Presentation_cmm_set0">
                  </field>
                  <field id="size" set="conf:Presentation_cmm_set0">
                     <control template="/org/alfresco/components/form/controls/size.ftl">
                     </control>
                  </field>
                  <field id="cm:name" set="conf:Presentation_cmm_set0">
                  </field>
                  <field id="cm:author" set="conf:Presentation_cmm_set0">
                  </field>
                  <field id="conf:Title" set="conf:Presentation_cmm_set0">
                  </field>
                  <field id="conf:Presenter" set="conf:Presentation_cmm_set0">
                  </field>
                  <field id="mimetype" set="conf:Presentation_cmm_set0">
                     <control template="/org/alfresco/components/form/controls/mimetype.ftl">
                     </control>
                  </field>
                  <field id="cm:modified" set="conf:Presentation_cmm_set0">
                  </field>
               </appearance>
            </form>
            
            <!-- Document Library Inline Edit form -->
            <form id="doclib-inline-edit">
               <field-visibility>
                  <show id="cm:name"/>
                  <show force="true" id="cm:content"/>
                  <show force="true" id="cm:title"/>
                  <show force="true" id="cm:description"/>
               </field-visibility>
               <appearance>
                  <field id="cm:name">
                    <control>
                       <control-param name="maxLength">255</control-param>
                    </control>
                  </field>
                  <field id="cm:title">
                     <control template="/org/alfresco/components/form/controls/textfield.ftl"/>
                  </field>
                  <field id="cm:content" label-id="">
                     <control>
                        <control-param name="editorAppearance">explorer</control-param>
                        <control-param name="forceEditor">true</control-param>
                     </control>
                  </field>
               </appearance>
            </form>
         </forms>
      </config>
      
      <!-- Form configuration section - aspect -->
      <config condition="conf:Status" evaluator="aspect">
         <forms>
            <form>
               <field-visibility>
                  <show id="conf:YouTube"/>
                  <show id="conf:Rating"/>
               </field-visibility>
               <appearance>
                  <set appearance="whitespace" id="conf:Status_cmm_set0"/>
                  <field id="conf:YouTube" set="conf:Status_cmm_set0">
                  </field>
                  <field id="conf:Rating" set="conf:Status_cmm_set0">
                  </field>
               </appearance>
            </form>
         </forms>
      </config>
      
      <!-- Entity form designer configuration -->
      <config condition="FormDefinition" evaluator="string-compare">
         <form-definition id="Status">[{"elementconfig":{"label":"","appearance":"title"},"pseudonym":"cmm/editor/layout/1cols","label":"cmm.form-editor.palette.one-column","column":[{"pseudonym":"cmm/editor/property/boolean","id":"conf:YouTube","elementconfig":{"infoname":"YouTube","infolabel":"YouTube","infotype":"d:boolean"},"label":"YouTube","type":["property"]},{"pseudonym":"cmm/editor/property/text","id":"conf:Rating","elementconfig":{"infoname":"Rating","infolabel":"Rating","infotype":"d:text"},"label":"Rating","type":["property"]}],"type":"{type}"}]</form-definition>
         <form-definition id="Presentation">[{"elementconfig":{"label":"","appearance":"title"},"pseudonym":"cmm/editor/layout/1cols","label":"cmm.form-editor.palette.one-column","column":[{"pseudonym":"cmm/editor/property/text","id":"cm:name","elementconfig":{"infoname":"cm:name","infolabel":"Name","infotype":"d:text"},"label":"Name [cm:name]","type":["property"]},{"pseudonym":"cmm/editor/property/text","id":"cm:title","elementconfig":{"infoname":"cm:title","infolabel":"Title","infotype":"d:text","force":true},"label":"Title [cm:title]","type":["property"]},{"pseudonym":"cmm/editor/property/text","id":"cm:description","elementconfig":{"infoname":"cm:description","infolabel":"Description","infotype":"d:text","force":true},"label":"Description [cm:description]","type":["property"]},{"pseudonym":"cmm/editor/property/text","id":"cm:creator","elementconfig":{"infoname":"cm:creator","infolabel":"Creator","infotype":"d:text","for-mode":"view"},"label":"Creator [cm:creator]","type":["property"]},{"pseudonym":"cmm/editor/property/datetime","id":"cm:created","elementconfig":{"infoname":"cm:created","infolabel":"Created Date","infotype":"d:datetime","for-mode":"view"},"label":"Created Date [cm:created]","type":["property"]},{"pseudonym":"cmm/editor/property/text","id":"cm:modifier","elementconfig":{"infoname":"cm:modifier","infolabel":"Modifier","infotype":"d:text","for-mode":"view"},"label":"Modifier [cm:modifier]","type":["property"]},{"pseudonym":"cmm/editor/property/datetime","id":"cm:modified","elementconfig":{"infoname":"cm:modified","infolabel":"Modified Date","infotype":"d:datetime","for-mode":"view"},"label":"Modified Date [cm:modified]","type":["property"]},{"pseudonym":"cmm/editor/property/size","id":"size","elementconfig":{"infoname":"size","infolabel":"Size","infotype":"size","for-mode":"view","controltype":"size"},"label":"Size [size]","type":["property"]},{"pseudonym":"cmm/editor/property/mimetype","id":"mimetype","elementconfig":{"infoname":"mimetype","infolabel":"Mimetype","infotype":"mimetype","controltype":"mimetype"},"label":"Mimetype [mimetype]","type":["property"]},{"pseudonym":"cmm/editor/property/text","id":"cm:author","elementconfig":{"infoname":"cm:author","infolabel":"Author","infotype":"d:text","force":true},"label":"Author [cm:author]","type":["property"]},{"pseudonym":"cmm/editor/property/taggable","id":"cm:taggable","elementconfig":{"infoname":"cm:taggable","infolabel":"Taggable","infotype":"taggable","for-mode":"edit","force":true,"controltype":"taggable"},"label":"Taggable [cm:taggable]","type":["property"]},{"pseudonym":"cmm/editor/property/categories","id":"cm:categories","elementconfig":{"infoname":"cm:categories","infolabel":"Categories","infotype":"categories","controltype":"categories"},"label":"Categories [cm:categories]","type":["property"]},{"pseudonym":"cmm/editor/property/text","id":"conf:Title","elementconfig":{"infoname":"Title","infolabel":"Title","infotype":"d:text"},"label":"Title","type":["property"]},{"pseudonym":"cmm/editor/property/int","id":"conf:Duration","elementconfig":{"infoname":"Duration","infolabel":"Duration (in minutes)","infotype":"d:int"},"label":"Duration (in minutes) [Duration]","type":["property"]},{"pseudonym":"cmm/editor/property/datetime","id":"conf:DateAndTime","elementconfig":{"infoname":"DateAndTime","infolabel":"DateAndTime","infotype":"d:datetime"},"label":"DateAndTime","type":["property"]},{"pseudonym":"cmm/editor/property/text","id":"conf:Presenter","elementconfig":{"infoname":"Presenter","infolabel":"Presenter","infotype":"d:text"},"label":"Presenter","type":["property"]}],"type":"{type}"}]</form-definition>
      </config>

   </configurations>
</module>
